Instance, Label
009b94fc-eccf-45a0-9ad8-9278fdc7a00d.jpg, lightning
00b922cd-67d9-4b81-8709-12742a60bcf9.jpg, glaze
00c05053-0fdf-4ee8-951c-f984ed26126b.jpg, sandstorm
00f52cf0-b615-4633-b833-556152009f5a.jpg, sandstorm
0128ed89-5bba-449e-94e1-be63479916a2.jpg, sandstorm
0156fe58-db1a-4c35-82de-13a7187380a7.jpg, hail
01954520-4d6e-4787-a170-5706ca7ed454.jpg, rain
01ff6b63-904d-4b98-a9e5-68e1b70d9b4f.jpg, frost
021474d3-3eee-4076-aced-b5fcfbfe535e.jpg, rime
022b3f03-abce-40c6-80ed-7088ebe84822.jpg, rainbow
026471ec-4309-48de-bd89-36e8b31f3a38.jpg, rainbow
02a2a0fe-a69c-4666-af7a-01401c208039.jpg, dew
03499a6d-c045-4e3b-ae08-ed9924fa7418.jpg, rain
036cffce-b31d-4022-a0d7-1c945dcfc766.jpg, hail
03f86fa7-0204-4a7d-820e-4986c5e67333.jpg, hail
0411095c-5060-479a-b177-51cb779626d9.jpg, dew
0443f360-5d94-40c4-8faa-1eedd60d0e03.jpg, snow
0471beae-1456-4d95-97fa-4ca9f9225a09.jpg, rain
051e536e-afa5-47bc-a5f2-2e139f0e7dd4.jpg, glaze
05aa0e99-2b18-4c23-9475-cb4075b0427b.jpg, sandstorm
06104a00-df41-4b98-8ef3-facb43b0a155.jpg, rime
0630e9ae-bb41-4df8-b719-f23729682018.jpg, fogsmog
0693604d-2fa0-4765-8ca3-f14c3515ea43.jpg, rain
07cbd397-720c-4144-8f73-5fc279a1eeab.jpg, rime
07d668d2-0d4a-4314-9946-3adafc1c6b4a.jpg, rain
082477fd-3602-421d-bcec-e37f7dc112c0.jpg, rime
086d953d-9326-4a6d-bf5f-5cf82c1cf8d7.jpg, snow
08ecfe6c-16e5-44af-a933-3b520dddba97.jpg, dew
08eeacc6-a187-4efd-918f-8e82c5b49077.jpg, sandstorm
08f29054-24de-48c8-bd7a-56cc1d484397.jpg, rime
093fb379-22cb-4b6e-8bc5-80dfb3cf7aa1.jpg, snow
098e723c-218a-4662-841d-e7a4ecffd4ff.jpg, glaze
09903065-0897-4f93-af9e-fef901348b38.jpg, sandstorm
0998fe24-9cbc-45c6-9607-4df65ddbc5de.jpg, rime
0a28483d-2b4f-4d81-b2dc-d17056b01a8b.jpg, lightning
0a4a1926-e87a-4186-a877-e5079eab69ad.jpg, rime
0aee3c03-0576-40a4-9de4-a1a5acde7c12.jpg, hail
0afa3789-cca1-4a66-b628-5e55e3c44b9a.jpg, rime
0b8e6ead-e9ee-40a3-b312-f5e9281e2767.jpg, rime
0c72a252-333f-4176-b9a1-4f00e548aa68.jpg, rime
0cc2ea70-7873-4390-849d-d067e9d97ad1.jpg, rime
0d2dca9e-d779-4ebf-9b82-2a14bf33e8ca.jpg, snow
0d975d1f-5229-442b-ba43-137abed347a4.jpg, fogsmog
0db61feb-9184-47ff-8420-0e6164c8c7f6.jpg, lightning
0dc1059a-3f32-4052-a8f7-aebaab0ae170.jpg, sandstorm
0e5fdc3d-6f35-4f8e-b1c8-4bd7727a8e88.jpg, rime
0e7b8a3a-4cfb-4e97-8a47-b71b19fb8381.jpg, fogsmog
0edc4bbd-a91b-4461-a3a0-034f280c2ab1.jpg, snow
0ef058f7-02cc-4ffd-bc06-a3622bd5278e.jpg, rime
0f340bfb-1282-4ad1-8a40-32a614cc06a3.jpg, fogsmog
0fb163fc-41ec-4be0-be6f-f525b5eefeb4.jpg, glaze
10124f05-81ce-41f5-990d-5f8f2c238db3.jpg, dew
10630cd2-caf6-4261-a35a-c00e20505c0e.jpg, glaze
109ed1b0-b743-420b-9c16-93e7ae47d214.jpg, dew
11527333-f449-4ede-87cf-b9a1522d2bc3.jpg, sandstorm
117387ba-bcfc-488f-8e04-da24bee91d57.jpg, rime
11e5a251-094a-42ba-bb4b-b7e727b0975c.jpg, glaze
125ade16-538b-4b79-a232-30d4aa18eeb2.jpg, frost
12616011-bc93-4251-bf17-86cc5e006c93.jpg, fogsmog
12ce0c90-b5cf-4fd5-82ce-018679e38b96.jpg, fogsmog
130e42ad-66aa-4890-bac5-049af88fb511.jpg, hail
13372c4f-2297-458d-8b31-154b53369b67.jpg, sandstorm
135ce8c3-8354-4556-9655-a8ba313aad0a.jpg, fogsmog
13eeec35-e9e7-4ade-b48d-c229379dccae.jpg, dew
13fbc032-f4e9-4fb8-8a4f-e4f288fbd859.jpg, glaze
153ad47f-e69e-407e-9eb2-c161cbdb5d0e.jpg, rain
1556a80f-7258-4080-abab-c6ceafbc38ee.jpg, glaze
159d4e7e-e765-46f2-8402-f3d9a062fc9a.jpg, sandstorm
15a051c4-f639-4afc-b00c-86532c7b56e9.jpg, frost
15a0956d-38f6-421a-bda6-c2de9ba6234b.jpg, frost
16572adc-a8f6-463d-be1a-18b05163c816.jpg, rime
166cda38-f366-4e7c-9dc2-e9594f5f9b69.jpg, rime
17077133-dd85-4d59-84aa-c23d7266fd9c.jpg, sandstorm
17e384f5-1a94-413e-a09e-6ee74e6c3a64.jpg, fogsmog
17f7e925-906a-41f3-a32d-1657de3c9974.jpg, rain
1830b95a-80b3-4cb5-aa7d-975ef004a344.jpg, sandstorm
18abb268-f6a0-4fb8-9891-f93021d09cdf.jpg, frost
192ed8f5-b2e6-48fc-bba5-b2b7222d1ce7.jpg, sandstorm
19cff8fd-1ba3-4bf2-9623-5a690e1e0685.jpg, sandstorm
1a5f33ab-3802-461f-a2e6-67cd39bfdebc.jpg, snow
1ab292e9-10df-40b8-864e-904c55d344b1.jpg, fogsmog
1af1868e-7785-4876-b1ee-74d91956695f.jpg, glaze
1af489ae-4af0-401a-bca9-2349355843c8.jpg, glaze
1c271a8a-9bb2-490c-98b4-50bde92911e9.jpg, rain
1c4c5816-b0c2-43ce-acdc-2b4006185a21.jpg, sandstorm
1cd32d37-0c60-4eb9-9598-94eb6ace965b.jpg, rain
1d042fe2-d395-4d33-a080-baa9929101eb.jpg, fogsmog
1d10ce18-60d5-443a-8799-eb6a745bd286.jpg, glaze
1d637881-6eed-4719-92b9-5120ad721cf7.jpg, rain
1d75f468-0828-4383-aa25-568acba2e7e2.jpg, hail
1dc97f87-4d6a-4ed8-99c7-579077bfb819.jpg, sandstorm
1e24427d-8f89-444a-bb8e-ea7fad513e31.jpg, glaze
1f2efe43-6f11-4355-be6c-f3a2474824e4.jpg, frost
1f9a1b03-9dde-46b9-acd1-5dfd957c1ea1.jpg, fogsmog
201bda10-504f-467c-a1eb-bac7a1fb91df.jpg, frost
20eb5169-8d7d-4ff1-87b5-546548076dd9.jpg, rime
21e104ee-dbc6-447b-a831-9131c4a5a6e7.jpg, rain
220488a7-90fa-4e39-b858-0c6766d016ef.jpg, fogsmog
22476d43-ece5-4950-a55b-a5c883d0001d.jpg, rime
22a44c37-4eb9-4a34-8095-0287886779d5.jpg, rime
22c2e5f2-3d42-41f4-9783-7d26d09f6f7e.jpg, snow
2427cd71-26e9-412d-a9a1-1beee223b8ef.jpg, glaze
245a6b00-21e9-4e0b-8c22-be4c02446853.jpg, hail
25022748-45f7-46b5-b519-98d7975609f1.jpg, hail
250691cb-b697-45b8-b291-eec544404da2.jpg, rime
26277dfa-9c73-4f18-9b8e-5271be99cf65.jpg, frost
26570383-bf4e-43fe-a7ef-810b5e12ae5c.jpg, rain
275d0e55-0ff7-4902-938d-3185a184c5de.jpg, glaze
282c7a20-4306-4576-b269-844916a13fb4.jpg, rain
28315602-c0d2-4776-a4a2-a26dc4802947.jpg, frost
286c039e-6c2c-4a46-a293-8f78a2e6491c.jpg, snow
286cd3cc-cd4a-4d71-9159-3a57b4bb15d3.jpg, rime
28dc21c7-f858-4501-b575-aeb581a6b8f6.jpg, hail
29bb3346-2094-41d0-a756-6fe40ad69608.jpg, rain
29f65d59-cbf6-4bc0-acfd-7dae9a986efd.jpg, fogsmog
2a6eeb57-a014-4773-89c3-45e277bc341f.jpg, glaze
2ae6f38b-fbd4-4787-bae1-c90ff9f5dfd2.jpg, fogsmog
2b454460-5b51-40a1-9fc1-a207f16bf0d5.jpg, fogsmog
2b778189-e412-45d9-b907-70170b7a15a7.jpg, snow
2b8d95d2-16f4-42d0-998b-f243a014aaa6.jpg, fogsmog
2c98d069-4789-4b87-8df3-5c439993dfe6.jpg, snow
2cc70557-5e41-4eed-9efd-259ab1422e75.jpg, lightning
2d3c74ce-a33d-4135-bada-c092c6801a45.jpg, snow
2d4e8d61-df4c-422e-8b13-d42d490f69b3.jpg, rime
2d540980-b616-4d34-ace5-4aaa25430477.jpg, dew
2dc8f241-e6e5-4ea6-b364-ce4c0fb5cf61.jpg, rainbow
2dd6253d-551d-496d-b7fc-b6760d3ba6a0.jpg, dew
2e2cd5ad-c280-4069-946f-94290c9b6a34.jpg, sandstorm
2e8c3331-d98d-4188-acee-9c09c3e48748.jpg, rainbow
2f39fb63-4b7b-4485-9296-2c8c16af6640.jpg, snow
30954bdf-8195-49aa-9488-29c6ea72bd9c.jpg, hail
30b22abf-a75d-4d11-9a90-846c58886056.jpg, sandstorm
31031632-b18c-4a78-b587-0fb86223576f.jpg, rime
31765788-cd95-4a4b-9e7d-2f7d8a63d602.jpg, dew
31d7efd5-b72f-4727-92d2-d574642f792a.jpg, dew
31e12938-7c61-4e9e-bfde-d206416af253.jpg, glaze
320657c4-1e4f-4061-9bda-96ca70568bba.jpg, dew
32fda6ea-9d77-4cdd-8d73-d636c56d4b69.jpg, fogsmog
33a6f50a-c831-4f9b-9dba-1d752e0b863e.jpg, glaze
33c3172c-0e98-4a28-88d2-bfbb0320bc04.jpg, rain
34421c01-49b5-49c4-ba9b-dae610e5e8e6.jpg, rime
36200906-b3a6-4fb4-b7b7-311ba369f287.jpg, frost
362ba181-598c-4160-adf8-70f2c8dab5a9.jpg, snow
36997eb9-a266-4bb4-8be6-89c7cfd06f86.jpg, dew
36abb9e3-19ce-4eb6-9381-76e07ddda027.jpg, fogsmog
3729f4de-b155-41e6-b786-ca17e9e7010b.jpg, rime
3765f6b8-6f09-46e6-9680-0543bc45d374.jpg, dew
38aa1cf3-3792-407c-9f3f-477104914acc.jpg, snow
38b15783-8bc4-45be-b797-08446348f2d8.jpg, frost
38d02bc4-b757-40ef-9bce-8c9101f9173f.jpg, sandstorm
3905ad16-a9d4-4975-b6ca-33b5d969c776.jpg, rain
394fbc90-06ee-4e5e-865e-a3c8faae9ee2.jpg, frost
3969a2b2-8b25-4d6a-a565-5d54fd0d4f4b.jpg, hail
39c4574e-6fb5-4821-9dd1-3528e08d57f6.jpg, dew
39f9a2cd-9189-4cf1-8563-2f1dbf54e5d2.jpg, fogsmog
3aa2f73c-3b46-4b2c-bdfa-41a7153e441f.jpg, rain
3ab057c4-0203-49c7-add8-11a6b95bd180.jpg, fogsmog
3b3f771a-bb3f-425e-a57e-03e33baeac12.jpg, hail
3d6ce523-1179-4ad9-83f3-3d1db8af77bc.jpg, sandstorm
3e3b07b8-3bbc-4e6f-95b1-23c917facac2.jpg, fogsmog
3e5bc274-3eb8-4d50-ae29-271da0b8efe8.jpg, snow
3e8c9964-28f8-4dc5-be02-5ca7fa603d01.jpg, fogsmog
3e9907fc-63e2-48ef-99f2-e05d1bbd1887.jpg, dew
3ec1514e-6895-4e94-a2da-c99ecdf81d9e.jpg, snow
3ecea9b0-fa7c-4c07-9f10-fe996148f127.jpg, rime
3f2ab003-31d1-4b7e-9109-3d4cb6579d52.jpg, rain
3f6f6fec-30ac-47c1-9942-ea2852bb3c1c.jpg, glaze
3faba9e7-ddc2-4ad0-acf7-beb9111a7d04.jpg, rime
3fd9476b-3bee-4c16-96ff-ee85c94a08a4.jpg, dew
403b481c-5c33-4564-a6ea-766a6469cc60.jpg, rime
4120b541-d9fa-4906-8fad-763d9b6be39e.jpg, glaze
41ccd521-3cf5-452c-b734-0171107a6175.jpg, hail
41d606b6-d02e-457e-a071-806690c4b83e.jpg, snow
427a8e9f-d8a9-40cc-8aca-c30815f35416.jpg, sandstorm
42d00ac2-83c1-4248-ae7b-d652be248288.jpg, rainbow
431b08cf-63b4-45e9-b10b-565b2fc7e071.jpg, glaze
436b4156-7dcb-4292-841d-8b88de745f9e.jpg, hail
43a34903-83c0-43c7-a366-ed901bc88ca1.jpg, rain
443aa338-9201-4a81-b1f8-21079b93e4fb.jpg, rime
4454d581-70d0-4d4e-a37c-5e7402c0e2d5.jpg, glaze
44c89345-cf4e-42cb-b485-ed62c756a6db.jpg, hail
44f1d847-015b-4291-bfdd-5c6a2badc578.jpg, sandstorm
45095999-e8f6-4c46-8eb7-e945769705e2.jpg, lightning
45b3b24d-b04a-4a43-bd8a-9f40b8754897.jpg, dew
45e9d34b-1ec4-4877-9181-0bdcdc660f46.jpg, hail
46aa80ae-ffbc-47a1-84fc-7f1a4972a812.jpg, rime
473359bc-9ac0-4c83-8059-5410eca1d768.jpg, rain
4739f445-c7da-47f8-a0ad-0e7cfb35c1d1.jpg, snow
4763eead-c94a-4a7a-ace7-c54b21ba7cdc.jpg, snow
4786eb69-f96b-4315-839c-c30217bb8874.jpg, frost
47cfe198-5f37-4eb9-a49a-6bb48a0a5d16.jpg, dew
47df4e72-64c5-4efd-bec7-498c0659b9dd.jpg, snow
47e6da11-d2c9-41e4-9ae9-4e58deed4999.jpg, dew
48018c2d-e0da-40f5-b86d-79c11202dfbe.jpg, frost
48961b0d-ece0-4ead-8316-56c97d85f0ac.jpg, rainbow
48b1a342-209a-411b-8b71-46d284b7a941.jpg, sandstorm
48cfd489-5a82-44ce-8a03-13e89e84a9ee.jpg, hail
490b9b0b-0b33-4008-adc0-48fafa2abe85.jpg, rain
49c8b753-c77c-4693-a340-a304e4d50e49.jpg, rime
4a2aae83-c730-4b32-891c-8b166f2442db.jpg, glaze
4a4f5ed8-bcbe-4cb3-ae06-261cdc026151.jpg, dew
4a850da7-dfcf-4ad9-82e4-08f08dc9e916.jpg, rainbow
4abb8d88-b27d-46a5-b8ca-436fadec466f.jpg, fogsmog
4b7a42d7-d949-4d82-9fd4-f90f294d97aa.jpg, snow
4b8b4951-0859-4c47-b07d-d66aeeee4b9b.jpg, glaze
4c7de528-0b5e-4aa2-90e7-8cb66af6e7da.jpg, rime
4dcda148-d34c-4fc9-a114-347305adf702.jpg, glaze
4e4fb04c-8199-437f-b939-adb56b593f95.jpg, rime
4e8e6043-ac01-46d1-bccd-9dc127e0bb69.jpg, lightning
4ed4ed50-b78f-4aa8-8b01-b2a5eb6a3e97.jpg, dew
4ef9f8a8-484d-44a0-85ed-abcc735cb66a.jpg, sandstorm
4f20fcbc-de06-4912-800a-65ce0c977263.jpg, lightning
4fb9fe96-6e4b-419e-93fc-724c756b5894.jpg, glaze
5089283f-cf7a-4658-bdee-396cdbccb852.jpg, dew
509a1701-99d1-4571-a48d-ab2e2b4bc5ba.jpg, frost
50dce252-0a3f-4570-ad34-907878ba231a.jpg, fogsmog
51a81106-e8fb-4f6d-90d7-5db19e665bd6.jpg, rain
51d73b14-dce9-45ed-9401-e32b9a334849.jpg, hail
52003632-5d79-4791-9a49-7777f8c92a8e.jpg, lightning
52174d29-908d-4d7b-9ea6-0b1e18917e2c.jpg, fogsmog
52c24f4d-cd72-47c2-a329-1f77724fad2b.jpg, rime
5314567e-9f01-4396-b917-75ff00a4a2a1.jpg, sandstorm
53bd43a8-93b3-46dc-9dc0-89775620f51f.jpg, rime
545e045d-28e1-493d-9b90-9b15ae0d1758.jpg, fogsmog
54958679-b41e-47ae-b350-c1c6370cbd2c.jpg, fogsmog
5511f940-77c1-4c67-82c8-135c977f745f.jpg, rain
55afa2c5-5800-4478-bc6b-7463b892194d.jpg, rainbow
55c6a2cc-83b4-40d6-9f07-1adcf5808db3.jpg, frost
55cd5a0f-e1d2-49d4-a4ac-15414022aac5.jpg, frost
56b03956-e9f9-4230-903f-914d5764f963.jpg, dew
56dbef0e-a903-43d3-81a2-fecb7d8c4eb2.jpg, rime
5772a892-dadf-49d3-a189-1d3ddf4677e8.jpg, dew
57821825-4d93-478d-ae9a-5021ea3fdd72.jpg, frost
5845934d-f160-4047-afcc-139eebeb6b12.jpg, sandstorm
58641bea-46f6-4d16-8edf-a53ba568e729.jpg, fogsmog
590455ec-da84-4b30-931d-a07ca660ef55.jpg, sandstorm
593760d1-ce86-4f3b-a615-451340275fd0.jpg, frost
59c58ddc-6c8b-4023-aae6-eee99951b734.jpg, sandstorm
5a6dd3a0-54f6-4eb8-9bab-30eb7af21b55.jpg, fogsmog
5aab4e6f-369c-47b9-80f1-d10912826f4c.jpg, fogsmog
5ba9a92d-8724-4c9e-95e5-414318e2d98e.jpg, snow
5bc146b8-484f-47b9-bf5d-db58a35bc180.jpg, rain
5bcf42d5-49e2-4bb5-9573-bd83b59d66f3.jpg, glaze
5be0043f-6d74-4edf-ac7b-a1a4a6789a3f.jpg, frost
5be6a547-a23d-44c6-8224-99c431335332.jpg, snow
5c27f781-b449-48b7-a0b2-88e91a622d1d.jpg, fogsmog
5c3f1e36-4604-4ecf-be02-b0b1bde8be2d.jpg, hail
5c5158da-aaa6-4388-8caa-d71abd894543.jpg, sandstorm
5c71b8d4-12d6-4f1f-aa0e-782de48c1f28.jpg, lightning
5c8864c1-6ea0-433d-9f18-ca3d06b2bdbe.jpg, glaze
5d32e5b8-2d71-4f99-8659-f0fbb27fe9d3.jpg, frost
5da6fa58-5fde-473f-9786-429583a94852.jpg, frost
5e1238c2-9e78-4eef-9a26-e66368607d95.jpg, fogsmog
5f99ee17-b575-4e29-800d-5dd914d4b2e7.jpg, hail
5fe13380-8095-4171-8830-411cae9a5622.jpg, rain
6015f5af-6a2b-4275-9774-c3ee0ffc361a.jpg, lightning
60b66212-9e52-4cd8-8a85-f6e0f21c7f3d.jpg, fogsmog
60da601f-56ca-429b-8254-9eb35e4972e8.jpg, frost
60f0f9e9-c209-47a6-9fa1-47d0f160065b.jpg, dew
612ad5cb-20b5-4f7d-ac9c-a10c897142c7.jpg, glaze
61401851-4b3a-4bcc-956e-c4157ddee065.jpg, fogsmog
624bd047-0ba5-4add-91e0-5ccc4db96abb.jpg, hail
6263e430-9d81-4efb-b8f5-a14ee2092930.jpg, lightning
62c24c39-2586-48cc-aa60-efa96daf2655.jpg, rime
632d2394-5293-40c5-b510-458b166b7dfd.jpg, hail
6364d5e0-d65a-4a5e-b0e1-ad82c4710bb7.jpg, lightning
64032d71-6f42-47e6-ab88-bac8a9947319.jpg, lightning
64a7ced8-d071-4fe0-89d4-6003a479d65d.jpg, rime
652f548d-bf99-4991-91a7-117556068f4e.jpg, dew
6595c030-e9ce-4678-90d3-28f9ed236995.jpg, hail
65a5340f-8fbb-4802-adec-41bf4c9d59fc.jpg, dew
662991c6-32df-4bff-88b7-59b8bede1813.jpg, fogsmog
665a216c-e119-4271-ba9a-4daa9de6b6e8.jpg, hail
66bf2799-2403-4da5-b583-4a2310236686.jpg, sandstorm
670fc387-c92b-4791-8eb3-c7aabd777d07.jpg, rime
6755a6de-12cc-456d-b54a-f1b8e8f75768.jpg, lightning
67dd9f40-e69e-40e9-b705-b88176b56105.jpg, frost
684fd8b4-5e4c-4c39-bd41-98b969158ff9.jpg, snow
686a5abe-de68-4a93-b5b8-424a51de7706.jpg, glaze
68a2708a-77ca-4fa4-b9c1-5af137a995f1.jpg, fogsmog
68a8d85d-e339-434f-bf0f-f9c202ec057a.jpg, fogsmog
68eba6ec-a096-4554-9d5c-4167d14340dc.jpg, rime
6971d531-9183-4333-9d6f-5ee54f145159.jpg, rime
6aacfa23-21ed-45ea-8f9b-1f3ad2b33cd4.jpg, hail
6b04615c-2291-404d-bce8-88e924dcc8bc.jpg, rime
6b5b85d6-8dee-42ac-93af-2c57f87e4173.jpg, fogsmog
6b641b3b-ab20-4d48-8546-a1a97c73708c.jpg, lightning
6b68da98-ce14-4556-a7d7-36116a35e876.jpg, snow
6b8bee09-6aa9-45e4-a7f0-2aa3e7dc7a32.jpg, hail
6c6251fc-4f64-4b14-b3f1-1b8ae723fee8.jpg, frost
6c7b6c60-f82e-42a0-96e1-565eef7adc93.jpg, rime
6c91025d-1fae-4cc4-8ff1-b03d88073556.jpg, frost
6ca2ce14-c730-45bc-b11e-5d336019f3a4.jpg, sandstorm
6d1035a5-b7ff-488c-869e-60b0bf38672e.jpg, rime
6d5e2a13-7467-4489-b077-fb5ec428dcb1.jpg, glaze
6db5ff2d-dde4-437c-8308-951cd474925b.jpg, sandstorm
6dd36374-7288-4113-996e-f6f5419b02e7.jpg, hail
6df04f90-8ccf-4b96-9e27-e20080f3c778.jpg, rime
6ecc25d3-cc52-4153-ade9-3c7a0b6ed1a8.jpg, frost
6fba017d-c39f-4299-aa37-fbda34515700.jpg, fogsmog
70a41e15-267a-4968-bb52-e652ed1c5c85.jpg, frost
7164b7da-c2c0-46b3-a10b-eec7e14eac25.jpg, rime
7173cd3a-7953-4257-91c7-f6da04e2a0ec.jpg, glaze
71a8ff7b-de3c-493d-b878-88952c9aef1f.jpg, sandstorm
71b927fb-2b28-4b3d-b68b-ed77dbff4945.jpg, glaze
71d383ca-88eb-4c96-9dd4-633bed6d9601.jpg, hail
72aa5b02-86ba-433d-aa87-f0231b559cdb.jpg, dew
72bb97f2-f38a-4423-b0d5-d36b950895b3.jpg, hail
72c5d52e-b685-4dd9-b514-858ee6141aea.jpg, glaze
73205cce-75b1-41dd-b8b8-64f87bd9eb24.jpg, rime
7444ece7-68f4-4beb-8637-a05dd1dc8e08.jpg, sandstorm
7466c351-57e9-4329-b725-953461bec553.jpg, dew
7518e4f3-8630-4f77-b8b2-555d32bdb281.jpg, hail
7554522a-f921-4e2c-9a1e-3b1e5b5bb545.jpg, rime
75835246-7991-4e44-871a-e4029dc6b5b9.jpg, rime
75a1177f-b4fe-452a-bb1d-562acdcd5942.jpg, rain
768af644-224a-4f0e-a54a-6a446ae011ab.jpg, glaze
77056bb7-b490-4021-884a-d320630447cf.jpg, snow
7769beb7-2ff4-4747-80b8-d140124c5dfb.jpg, frost
77b3a216-57d7-4b45-a093-7b3bf7743b6f.jpg, hail
77e21d33-3828-4a06-81f5-2dcb5b65e049.jpg, hail
786fb822-dc5f-4005-8796-78454c9fc232.jpg, sandstorm
788069c5-5ef7-4f2f-8ae1-93c97af2018f.jpg, rime
789cb107-f0a1-479a-829f-48778d4624f5.jpg, rain
78a33f7e-b9c5-4359-9c6e-7fd54de2f57f.jpg, rime
78c701b1-95b2-4bc9-8d71-281839c9718f.jpg, sandstorm
79444a3c-3478-492b-aad6-b94bb5055faa.jpg, sandstorm
795e14e0-ac1b-44ab-b28e-6836201f5cf3.jpg, rain
79b547ca-47b8-4dfc-b1ad-16afdbd88677.jpg, rain
7a257cfa-4257-440e-aae2-1868aed6415d.jpg, dew
7a82104f-e326-4573-8051-a5ec7faf09f4.jpg, rime
7af4e18d-7194-4560-b0a4-57c376fe9c00.jpg, fogsmog
7afe437e-aedc-4ef1-9111-affc0ba0a2d5.jpg, frost
7b395b9f-5c25-45f3-819c-ea02a8ab1836.jpg, fogsmog
7b844648-180f-426f-9985-d9a12286eaed.jpg, rain
7bb01584-4a63-484f-ae25-789533b1f3c8.jpg, fogsmog
7c3e98a4-7530-4253-9d68-5f7be3b70c72.jpg, rime
7cbce70a-0b07-4641-bd7c-6b3c6a23c2d5.jpg, dew
7ce3ea24-4423-4617-85d8-e37053019535.jpg, rime
7d39d398-6254-4b9f-9e57-c2f66b533d90.jpg, sandstorm
7d55698a-a4ac-4207-8e3b-410b4584fe23.jpg, glaze
7d76919a-d034-4fd7-af22-31fea10ee00c.jpg, frost
7d7ad813-2960-461d-9913-8f1e7f6196e7.jpg, frost
7d92fbf8-f4d9-419b-91ff-3c04c9daa32f.jpg, hail
7dda0d9c-7aed-46bc-8448-76d7817c1a52.jpg, fogsmog
7ee77dd3-89f9-4a05-a8e6-b6808a2ddebf.jpg, dew
7fe021e2-08b8-41a3-b5c0-da5ce416396c.jpg, rain
802c633a-57d0-4a83-80c8-2de28ccc4c67.jpg, rime
8053222c-aa80-423a-a906-cc42836679d7.jpg, glaze
80aa8b89-1bf2-47fa-b4a5-368faab74013.jpg, rime
813bd788-9512-4457-af18-1fa4750bf93a.jpg, fogsmog
816fb607-ff31-47e8-899e-f98543bca639.jpg, fogsmog
8182802d-0092-4b69-ac96-036e7f90a5ac.jpg, glaze
82cdb888-d0bb-433c-b6c9-f2d2582ee1ef.jpg, rain
82e36f0f-f0dd-4293-b506-6bdde0ecb055.jpg, sandstorm
830e956b-b3e2-41bc-a0c3-31cf8584bf3e.jpg, fogsmog
834de599-8c90-425c-8738-54dcb3581bb0.jpg, snow
83568332-1da4-489b-9037-6e6f5e994239.jpg, rime
843cebd6-8127-4884-aba2-f7f89498df03.jpg, hail
84511334-a7d7-493a-b97b-7d24464bd345.jpg, frost
84787240-b9c3-48f5-8aa7-58bdf8ab9551.jpg, rime
84e97de3-91bb-40d1-b1f5-441fcc0895ac.jpg, fogsmog
860d17d8-a966-4e3d-862d-a54a4d70af45.jpg, frost
866b4465-67f6-499f-9974-8dc8ab338437.jpg, rime
871e95c8-484e-42d7-b961-01ee77a6f8f3.jpg, rime
87d29b26-1f52-4b74-8914-6a637225f09b.jpg, fogsmog
87ec4803-9841-4243-a13c-bc463b60556f.jpg, rime
88151a4b-dbd2-4cca-800e-dfacb6e277c1.jpg, rime
882d9371-99b7-49d1-b62f-f1b1878865b0.jpg, rime
8929bdcc-3b78-4e37-bfb0-94afebf74c82.jpg, sandstorm
8986aa5f-84e5-4713-8860-eff52457233f.jpg, rime
898f3503-0941-42ca-9695-fec83ee2a3f5.jpg, sandstorm
89a54d63-bc99-40c2-a944-e4a2985ea965.jpg, rain
8a51c863-8264-4d09-90b9-9c43f6b2a04d.jpg, fogsmog
8a59905e-4328-46a3-99c9-7b70a8fa0f79.jpg, rainbow
8aa83087-1832-4e78-bc41-bd692da696ee.jpg, snow
8afd97ab-4b15-45db-93e2-7e8e48f86db4.jpg, dew
8affcbc8-60ae-4c88-aac5-670fb6c4c7a8.jpg, hail
8b0ade35-da67-466f-a0b8-2ae5dc0e9934.jpg, lightning
8b31f9c1-ab79-4678-8d7a-be1207d00b8d.jpg, hail
8b3a025b-19b8-48f1-95ee-954c7aa25762.jpg, frost
8b581d0d-aa69-4502-bcdd-36199b597e94.jpg, dew
8bb3ed3b-0381-4513-9ab9-1f01914faa8a.jpg, glaze
8be26a9d-5af4-4e2f-930c-0084b2cfadb1.jpg, fogsmog
8c1fb4c7-5aaf-493b-815a-ac6c00be4e61.jpg, rime
8c236d29-831c-4cf2-bc10-eb032858392b.jpg, fogsmog
8c3c6d48-8040-47d3-9d09-e6eb9135068c.jpg, frost
8ce4bccc-f06a-4333-bcd0-0bc4e439b4d6.jpg, fogsmog
8cfa61ee-dcd9-49f1-9667-afc75538a2b0.jpg, dew
8da1cb0a-4ab9-4f0f-a844-000f07d13574.jpg, rime
8db67350-2307-43f1-b945-6c71dabbbb9d.jpg, rime
8e22f7cf-79aa-412b-b443-8975699feaa0.jpg, rime
8e2a7e9a-771a-4050-8047-0ad04e0efef2.jpg, fogsmog
8f3233b8-9659-4adf-af2c-adfa2b641842.jpg, rime
8f74c684-60fb-4536-8513-aa8f786a650f.jpg, rainbow
90a1b800-fb3b-4339-9237-869c54678a9c.jpg, rime
90b605b6-e2ff-45c3-8152-570885bc4d0e.jpg, fogsmog
90f60aa2-eecb-41bb-9487-f5d8c1714111.jpg, rainbow
9139fefc-44c4-4278-9f03-4861d566e8e5.jpg, dew
91c0a786-4efe-4549-934e-1454847d93a9.jpg, rime
939e94a7-9948-4a36-b119-4bdc16fc48c9.jpg, glaze
9461f2dd-154e-4cb4-af11-6a7e4077db45.jpg, hail
9465df2d-9236-45fd-a312-7e10d1c30942.jpg, glaze
949ad860-6799-4d49-a622-5170cfd8ad15.jpg, rime
94d35d4b-b9f5-4076-af69-a842e65c55dc.jpg, snow
94d949e2-23d2-40cf-ab30-eea7e9b1bf05.jpg, rain
95e486c4-ae91-4cc9-a658-7f107690b829.jpg, rainbow
961ba411-28ce-4ea8-87b6-a157deb91b52.jpg, snow
9687be4f-d9f9-411b-af72-8e27d6369bc8.jpg, hail
97286c4e-2186-46b8-aab3-06bbcea48dc3.jpg, sandstorm
977e528b-8e6a-454b-81dd-52e908dadf66.jpg, rainbow
988d8031-5be6-4ed9-a7a8-39719b45aa0f.jpg, rain
98b6d609-8eb2-4746-a790-1e79093987e2.jpg, snow
98fbe681-4a28-47e1-aec4-75badc6572a8.jpg, frost
99546741-1d11-4a3b-aedf-6ec7aeabeaa0.jpg, rainbow
9978081d-060a-468c-989c-d50cf52cfb2d.jpg, hail
9a58a87b-32d6-4f5b-a284-98b6d7b08181.jpg, fogsmog
9ae3f0fa-6138-4fa2-8eab-2192120c9c04.jpg, glaze
9af7a74a-fd29-47d9-ba5d-cd8ab172cdef.jpg, sandstorm
9b42af6c-7046-4ec4-ac85-c71ad625a291.jpg, fogsmog
9b6fe53c-3fb5-4699-8508-57a16d3d9e12.jpg, hail
9bbe82bc-e43c-4ab1-b82e-90524a825c1c.jpg, fogsmog
9bee0611-0f5c-49b2-b87c-d7cab9e923c7.jpg, dew
9d16c4f3-fbdb-47e6-ac96-8138f29d5b08.jpg, rime
9d3f8de5-42cf-464a-8ea4-a411168b364f.jpg, rime
9d44e618-1514-4748-9eb9-914f2d72080b.jpg, snow
9d48c584-4995-4c33-8c79-a8a32fb407f6.jpg, snow
9d542564-f8cb-4b29-a78d-ca082a12d317.jpg, rime
9e303b12-41ff-4c59-a8fc-93316fcde726.jpg, rime
9e8fff98-b330-4fcf-a2cc-32df5219fd6f.jpg, frost
9f3854e0-c0dc-49a7-a639-3c2ae80d6260.jpg, sandstorm
a02a2390-f760-4be2-a784-5415599ddb21.jpg, rime
a0672d8a-1923-452f-81df-c02633c8069f.jpg, rainbow
a0e69739-b773-4810-847e-56e246854007.jpg, rime
a177b19c-1180-4451-b457-1b525c7a6fe3.jpg, fogsmog
a270ea59-c758-45ac-8b5b-d533a4f9c8cc.jpg, rime
a2e659c7-b99e-4eb8-a7a8-a3e99173f0c9.jpg, dew
a3b6eccd-4952-4173-aade-f0336c7ce5fb.jpg, rime
a4b1b74e-21bd-4dd8-877f-8a7641644a75.jpg, rain
a500b988-4c04-45d4-8bfe-316902e93366.jpg, rain
a551f2ce-23de-4a21-b805-9453936bf323.jpg, rain
a62fcd76-fee4-4db4-bfc5-d8cf44322136.jpg, rime
a642e905-ac24-4e3b-9eb2-35f444cad0ad.jpg, rime
a6a2abb7-1eee-4946-aca3-d4f83a8e8053.jpg, fogsmog
a717c9b5-040b-4476-8aa8-db4663052b4d.jpg, rime
a75d3d11-3cb6-4d8f-b5b1-ae5b9e9304e6.jpg, rime
a76e454b-f3eb-456f-8235-a8893fc015ea.jpg, lightning
a80206d0-51cb-44cd-8410-2bf83bd22ad3.jpg, hail
a883c052-c6bc-45cf-be91-db80c8990c1d.jpg, dew
a88cac47-6c3c-417b-810e-219c13bab5f6.jpg, dew
a89c8b52-c27f-4971-9e49-554c46571869.jpg, sandstorm
a8ed179c-f9c0-4727-93d4-b5fb4e82fe9e.jpg, rain
a9612091-d7c7-4d0a-951e-74ed396a2b40.jpg, snow
a96a54fc-4105-432c-b5db-55b16610f9e3.jpg, rime
a998e2df-f830-42bf-9e06-c1e76de29cdc.jpg, sandstorm
aa3a13a7-57be-4c53-ac4d-209531b077a5.jpg, sandstorm
aa7c482c-90ef-437d-9f61-b181444a5212.jpg, fogsmog
aa913937-9627-4cae-b4e6-4d8aa2272332.jpg, hail
aa920201-f640-4427-8499-103158cac282.jpg, fogsmog
ac71bcce-f120-428e-8617-1ac9549edff9.jpg, rime
ac948c10-4f8d-4dd9-8b5d-50505b40ff12.jpg, lightning
acddac38-c72d-4002-90e5-9e0224c5a6b1.jpg, sandstorm
ad42f004-c8d7-437d-b2cb-66ddcc0583a4.jpg, rain
ad86b766-fac6-499f-8283-ca591e961219.jpg, dew
ae221108-00c5-4a4f-a1e4-500713073619.jpg, sandstorm
ae8b7867-1075-4e7e-95b8-738fe31493f6.jpg, rime
b037095d-b398-4ea8-a084-114a5c845007.jpg, rime
b0605ebb-3f17-4572-9e9c-ccde3c8860a2.jpg, rime
b0a38544-2f52-42a9-b9db-591486149161.jpg, glaze
b1127ac3-fd81-4964-963c-16c129ca7089.jpg, frost
b17ee10c-2802-41b5-9752-f143cbbf5f7c.jpg, glaze
b1bc5e2a-33d2-4451-9a77-0b3fe176e3ad.jpg, fogsmog
b1c749c4-7006-4ea1-b315-c37328418243.jpg, fogsmog
b290d8d7-e875-46c8-bcc9-259785308d5e.jpg, lightning
b293f2de-3e1a-4a19-b2f8-40afb4e791b4.jpg, snow
b2d22ff3-9691-4a46-a7c9-47a4d4ac124f.jpg, dew
b3437e35-f34b-42bd-b28b-2b2953dda60a.jpg, snow
b376e3a6-f79c-4aba-b1d4-1d1bd272a843.jpg, frost
b41887ff-fe15-4698-9ff3-89d3b98a6322.jpg, rain
b4abf550-49e8-4a0d-b206-e242c6385b6b.jpg, lightning
b50164ea-5ae5-4e83-82a4-5999100720f6.jpg, lightning
b5356232-04ec-40ff-875c-77b594e43665.jpg, rime
b541bf43-bbea-4af5-9ae7-7a58fcdd3d39.jpg, hail
b605d0df-fafe-4f4e-b85a-db29bd7b6bd9.jpg, lightning
b6073b70-b0ac-44b2-ada8-0f3a0700cd5a.jpg, glaze
b7265c98-af6f-4896-82c7-d95449557e62.jpg, dew
b7a7edb7-fe2f-408f-ba1b-c906ab9f06c5.jpg, hail
b7c88484-4fbe-41b3-aa55-9c9238f2f03d.jpg, hail
b7eb0cb0-28fd-444d-aea5-717897516c9a.jpg, snow
b85d34bb-9c3e-45a2-9917-a110c078b065.jpg, snow
b8ea4262-99c9-492f-aad7-4dce1df8693a.jpg, dew
b92cdd2a-6c40-4e39-a1e1-4c340aa44fc3.jpg, frost
b959565a-1002-4cd6-8529-1a5b86552d2c.jpg, rime
b9eff9f4-cfbc-4f48-81c3-ffb8a0fc61a9.jpg, rime
ba6daa7a-940d-47ff-a9cd-16a369f00234.jpg, rainbow
ba710148-339c-4caf-b11c-d860d7d4b8f7.jpg, dew
baa5b0ce-4cd6-453c-ab3c-41b2442771e4.jpg, hail
baa843e2-f4a9-47d1-aa91-738d9cbe4880.jpg, rime
bb443cc1-51b8-45e1-86c7-1b15e454f5c9.jpg, rime
bc737067-532a-4d79-aa18-6be997c3427c.jpg, lightning
bca74d24-1cf1-476f-90d2-c51472ca7e2d.jpg, hail
bcc2cec0-eba1-47d3-9608-f2ccfe9fadcb.jpg, snow
bd791deb-7390-4a4c-bc75-c4b2aefb8460.jpg, rime
bda9ddea-833d-45f3-82fa-71feae41bf83.jpg, rime
beaef179-e56a-4cbf-bfa5-32c03b7e1d72.jpg, lightning
beb0ff80-92ad-4e1f-ad0b-cc7ee3521abb.jpg, dew
bf814f5d-6e0a-46ae-bce3-1d1dece1f558.jpg, fogsmog
bfd57ba3-1cf1-492f-bc37-13d93784f750.jpg, hail
bfede5ae-c10f-40f2-b565-3f4e8c623b57.jpg, dew
c0447182-96d2-424b-9db5-44f5a9b8fc0a.jpg, sandstorm
c04f9066-8c10-433c-bd09-0338028ceac7.jpg, rainbow
c0e59886-c2ed-48f4-ad02-2f9364f167bc.jpg, rain
c12a46b0-0f34-4f56-875a-34ea5f467926.jpg, sandstorm
c167839c-f2ad-4f56-ba17-3648c6580de5.jpg, dew
c17e0ba2-246a-414e-aa84-4701d20a6908.jpg, frost
c21245e8-960c-41ff-a147-8b42360fc50b.jpg, glaze
c213d54d-3312-4396-8150-44113274cf25.jpg, lightning
c2bfda9b-2b69-49e8-8cc1-8d69c67e210b.jpg, hail
c2d7ecd8-97ce-4720-b2c7-aca1fd143740.jpg, rime
c34d0cfb-f6bf-4334-8bc3-392451ff030d.jpg, hail
c38b4a70-7e3c-4609-affe-5b5952d17310.jpg, sandstorm
c4da537c-1651-4dae-8486-7db30d67b366.jpg, lightning
c4ecb67b-8147-4138-a9c4-42a81a6a7153.jpg, snow
c5428386-bc7f-4cce-89ce-1a5ffcd35511.jpg, fogsmog
c5a5a25a-f047-4aab-af01-0e9ebb3a7468.jpg, sandstorm
c5aa68eb-f91a-42bb-83f1-f749022a0206.jpg, frost
c5efd482-d773-412f-ad3a-f6a7386e9a58.jpg, sandstorm
c65e0d0d-0582-4284-a1e0-00edfcdb4379.jpg, sandstorm
c720ff56-32cd-4feb-ab53-285349f1b707.jpg, sandstorm
c783f442-b6de-4fc0-8602-d2b4229b7770.jpg, glaze
c7f70c00-5fc3-47af-9e0a-153a128d45ce.jpg, fogsmog
c7fa1744-23fe-49e5-87f4-c36f27894212.jpg, hail
c82036ee-fbab-438d-b545-850ec6ff0c6f.jpg, sandstorm
c8275c0c-7785-48ca-8300-10d1833d277b.jpg, fogsmog
c956625f-b721-4933-b225-fb5910528c7b.jpg, dew
c98db638-81a2-41e6-8e6c-59e66f49e9ff.jpg, rain
ca36adbb-4cd6-45fc-83a5-99f13e4f22f1.jpg, glaze
cae1d0ab-40a7-4d0c-8b64-0789cc54bf15.jpg, sandstorm
cbc9ba42-b383-4a61-93f4-f19c0f5fbe90.jpg, glaze
cc24f996-2edf-46a3-87e0-f32c8df1a171.jpg, fogsmog
cc2a1b9a-2f30-4110-949f-312055a0a5a0.jpg, dew
cc84a1ed-9581-4cfc-beb5-1bddab0c7c6a.jpg, rain
cc8a21d6-c336-4431-bc0f-a63675a67c3a.jpg, frost
cc8d7344-d489-4c70-b260-08b2493d4229.jpg, rainbow
cd0617d3-3c69-4f1d-8e78-47a5c065c53a.jpg, rain
cd10e837-7888-4300-8a56-cffdd103a388.jpg, dew
cd42e35a-cc71-448e-ba1f-27c92ccadfa7.jpg, snow
cd7598cd-24b4-46dc-b31f-216992ae7b6f.jpg, snow
cd794d17-640f-47b8-a5bd-16a6edf18094.jpg, frost
ce4aa6d9-4b12-4878-932d-3e073bbd64f4.jpg, snow
ce53699c-a76f-4737-9f5f-230de0cca7d6.jpg, dew
cef2a74f-8594-4a3b-9d36-d5f6ccf2dda7.jpg, rime
cf20fb58-22c0-45b9-b9b5-df48a582c259.jpg, snow
cf9ac7bf-88b7-49dd-9d3a-ba28d5008f03.jpg, dew
cfe0706f-f4c1-450e-b081-640c5be30702.jpg, lightning
cfe7c099-beec-48cc-a197-7a4eadc56ea9.jpg, dew
d05bd829-d495-4f9d-aeb4-d7924928aab2.jpg, rain
d05de68a-0116-4b2c-a646-39a8e3f42ab9.jpg, fogsmog
d0642497-1910-4b99-83e3-fcb61cc97d08.jpg, glaze
d0b6c52e-eaa1-4039-8d28-d1750636e175.jpg, rime
d1bce877-f7f4-4d79-af54-f77d572c6618.jpg, dew
d1f90f16-204d-439f-a19b-856c5c2c6563.jpg, fogsmog
d2007330-389d-4570-bd52-a1c403f15641.jpg, fogsmog
d2c3d38c-8c2d-49cc-8a9a-2e1133947612.jpg, fogsmog
d2d33c03-3227-4866-a2a5-3a582bd9212d.jpg, sandstorm
d2f79e2f-b942-404e-8042-09378830fcc6.jpg, lightning
d3119df0-19a5-4327-84ca-59479d6e6018.jpg, rime
d3234519-1410-4b06-be7e-41743c269046.jpg, lightning
d3423ba5-0870-44b2-9244-02b88005b7db.jpg, lightning
d4340cf9-1043-48b5-9186-4e2659233625.jpg, frost
d447f45e-c4b2-4e08-a9bf-8baf50fad7fb.jpg, fogsmog
d47249ea-0b4a-4e59-adee-d3f4e3e4aa91.jpg, hail
d4792df1-d935-4223-9862-c3627ac7e4ef.jpg, rime
d52a167f-8c75-4f68-b265-5eeaeb0a7993.jpg, rime
d5d9d724-c0aa-4f28-b67d-c462b7de5cb6.jpg, rain
d5f03af7-d6a3-48a0-91ad-b18646311385.jpg, dew
d7478041-37b7-4f9d-a221-51d1ae360545.jpg, sandstorm
d7a79875-c0be-48ac-8fc9-be4cd1995632.jpg, frost
d7bb2ead-23cb-46a5-b269-41721d2ebb9c.jpg, rime
d80751d1-fa25-4fbe-a1c9-b9f85f1cb34f.jpg, frost
d81bc8c0-a1b2-470f-9acf-04bcf012287b.jpg, lightning
d85d9e88-fa0f-436e-9f9b-4cd8c90499ac.jpg, sandstorm
d87dd17c-8956-4e34-aa63-b20134010c0f.jpg, dew
d8aa35fc-cf84-4e87-b074-e29f33c77b07.jpg, rainbow
d9aa0b8d-2482-4cd4-98d9-ec34cc92eaa2.jpg, frost
d9f83baa-c706-4355-a1f7-2003183f2355.jpg, hail
da0b58dd-49dc-48de-ac8a-6cf0b04ea41a.jpg, glaze
da1a86b0-0298-4926-8fd1-af0ff2fb7c38.jpg, rainbow
da31f9d8-93e4-4309-8b71-66b17f38a929.jpg, sandstorm
da4133cf-057a-47f0-9d6c-555d0494f691.jpg, rime
dacfceac-6869-4476-89e9-5e125ce4642a.jpg, frost
db9d1e03-b7e8-4f8e-ab98-836ce4f8d8eb.jpg, fogsmog
dc5336af-8237-4ebf-9eef-abf88e00e977.jpg, hail
dcc08449-d100-4b98-813a-f7db873a83fd.jpg, sandstorm
dd6c30d2-52c3-4beb-9efe-00485b1eeef2.jpg, sandstorm
de0e00d0-7cf7-45af-b034-9f7db3d59e6f.jpg, snow
debc215a-394a-46ff-adc3-a77875137147.jpg, rime
df1a9277-6343-499a-9bef-6c801df3ecb0.jpg, sandstorm
df75cd35-b971-48c8-95d4-5d0e93a033a3.jpg, dew
dfaf1f31-9655-4c80-bda9-f77d9c6ef148.jpg, rime
dfb4a4ba-4032-4f48-a353-4b049941d479.jpg, snow
e00a1116-438b-4238-ae20-adca13671d11.jpg, hail
e0c1680d-5c9a-4b47-adab-df708e07c04e.jpg, sandstorm
e0c194d7-0bf7-4391-bc1b-7df5d2d12100.jpg, snow
e0e222d8-b6e8-4c3c-b775-012401eaa181.jpg, glaze
e2d5833e-c373-411b-8990-1bae370f4768.jpg, rain
e37f6d0c-5ba2-472b-a53d-d91038fa6d33.jpg, hail
e3cb8642-4487-46e3-bbe4-b553c07eb871.jpg, glaze
e55219bd-b365-429c-a64d-b4cf871fcaaa.jpg, glaze
e55d168b-b636-4e2c-a900-f0e6024412d1.jpg, lightning
e57f89c7-26fd-4888-b44b-3bb1c971d9da.jpg, fogsmog
e590aa21-7570-4fd7-9355-d254a8449925.jpg, fogsmog
e5c3790e-782c-435a-9b1b-d264c977e159.jpg, hail
e61942ae-8f19-4aaa-9a0c-bc3d845afe7f.jpg, rain
e66216df-34db-41a2-a5ac-d5231f201d55.jpg, dew
e74e07f9-f623-4b5d-823b-19a1badf91a6.jpg, rime
e76534f6-a0f2-44c8-9972-8d37a65f2ba4.jpg, rime
e77189e3-8d12-41d5-a83e-f8808c9d65ef.jpg, snow
e7840ebd-bcf6-4c75-9224-df8dd80f9475.jpg, snow
e81775f3-ca42-45f7-a051-e671246595df.jpg, lightning
e902cdc4-50ae-4400-96da-caadecf72155.jpg, dew
e96a7182-8ac4-41ed-94d0-e51047bf2a45.jpg, rime
e978ce27-6e05-4d37-93bd-97b318de8aae.jpg, snow
e98fc96c-dcc7-4c7f-afba-dc41d5f6149b.jpg, rime
ea427f78-443e-4569-8c6f-b4a0f62233b1.jpg, glaze
ea52a4b7-10a6-49ac-a26c-03c2e76adf34.jpg, rime
ea5940ae-d517-4bb2-851c-fb3b6cc3ab19.jpg, rain
eadc83d5-5f66-4345-81d2-59c9ae6e071d.jpg, sandstorm
eb8d5253-0435-48ea-bffb-0e4442aa63a3.jpg, hail
ebe3bff1-9904-497a-b328-1aa5a78b1715.jpg, rainbow
ec634492-3a99-4d1b-ad55-2754efb760dc.jpg, hail
ec6d0c27-cc4d-48b4-ab71-7cc6aa898c73.jpg, glaze
ec6e15d6-c822-4bea-b3af-302c76ad6029.jpg, fogsmog
ecca1ca1-8052-4a3a-9720-89403961e1bf.jpg, lightning
ecd52e22-a7de-4bc5-b3f6-b3cee8c636a8.jpg, rime
ed91eef2-52d4-496e-8699-ea4c4afb0aed.jpg, glaze
ee44f73c-bd3a-4a65-9507-0c3930186158.jpg, dew
ef4a394c-ca76-4aa9-a887-ea37485ce1e6.jpg, dew
f037eabe-ac39-498c-b608-973106abac9c.jpg, rain
f069270b-50f3-4b9c-8536-14c2b3891736.jpg, rime
f09bb58c-3cba-4232-9e42-3da40eae43ce.jpg, rainbow
f1e1bd20-84c1-40ea-bf16-714aa3e3c410.jpg, fogsmog
f1ec2d6d-e38e-4a14-aaba-ed95c55f6de1.jpg, sandstorm
f1fd0498-5547-4a0e-87ce-908798719d02.jpg, fogsmog
f2e3ca17-3f98-43bb-9813-e1c3924f350e.jpg, lightning
f31949ea-332a-42e2-8902-0af80b483923.jpg, rain
f33477ea-c3d6-4314-a70d-3ce251f4a80a.jpg, glaze
f3486935-27da-4d69-9a8f-d81072d2e221.jpg, glaze
f3c59740-bbcf-4026-8517-61685545a6d4.jpg, glaze
f3d2079a-74a3-4103-95f8-4f2a5426fa5a.jpg, rain
f3ea627d-f957-4cf9-82b5-213071df7136.jpg, rime
f41133de-fd9a-481a-b179-07ba1fca2733.jpg, rainbow
f49cb9e8-d8d2-4c81-8aea-4fbd35be93c4.jpg, glaze
f4a37ddc-f75b-495f-a466-58db3ca3340f.jpg, hail
f5b9c601-7014-4156-8927-edb502b5e86a.jpg, snow
f5ea4e3e-a4fa-4112-801e-3a57b4bdeaa2.jpg, rime
f5f9c40d-99d0-43db-be00-b956f8b999ef.jpg, rain
f6c2e97d-6f48-4c42-929c-61eee2bc1e2e.jpg, dew
f7102f42-940a-479e-b2f0-1217100f2319.jpg, lightning
f71cc729-d3f2-4362-90bc-c9a5776a9bc6.jpg, frost
f786d0be-2385-4b33-adbc-6e83e2d467a9.jpg, sandstorm
f78d8c03-6a4f-4c0e-993a-53ba105d6be8.jpg, fogsmog
f7b785c4-346f-420c-9c8f-f65ca650d4e2.jpg, fogsmog
f7d83016-b726-4059-bce1-60561841cce4.jpg, snow
f7f4dc8c-2c0a-4903-b01d-d4fbc9fbf18f.jpg, rime
f7f62ce2-0a57-4ae5-a587-347caf51af43.jpg, hail
f85ab1f9-75ee-43f9-bc0c-98e2e1d51c29.jpg, rainbow
f85e6671-68e1-4353-a042-bcb0424be56c.jpg, fogsmog
f8c003f3-88cc-4a0f-9eb1-92444a759132.jpg, rain
f8c3a391-bc02-4e0f-938e-4e6d441bcd4d.jpg, snow
f95d0ef4-a4a3-4d3f-a4ed-7a2d4419f9eb.jpg, fogsmog
f9837341-21f9-4a90-93bb-9eaf1302e0c8.jpg, rime
f9d61e48-9434-4fc4-a452-b0cc868ecdb4.jpg, fogsmog
f9e7801e-3010-47dd-b8ac-7e35c29a6467.jpg, dew
fad04d90-05e7-4ed2-9616-1bb9250a5a29.jpg, fogsmog
fae4a7d7-6d71-49b5-9003-6c68f8285be9.jpg, frost
fb2ee1cb-65fe-4e22-8ddc-e488559cd29c.jpg, rime
fb3dfe01-3861-44be-9a67-0104ee40d7d0.jpg, glaze
fbcb80b1-7561-4d49-a392-40f4a5499e48.jpg, rime
fbf39863-1ad3-4c33-b524-64cf18ff65f4.jpg, hail
fc2af337-bbd6-42d6-bf21-fd1f1815075e.jpg, fogsmog
fc7eb5b7-94b5-4766-ba91-0dfebdec24e8.jpg, sandstorm
fccbd232-d72f-4157-a75e-16cc09dcb83e.jpg, rime
fcec5ea4-c67c-4658-aaa2-2a6697f08f30.jpg, glaze
fcefe0d1-32b2-4718-8795-dff72e77f09e.jpg, snow
fd56b29f-85cf-4418-85ad-bf683c9e58e9.jpg, fogsmog
fdab96dc-0542-4b8e-a3ec-2ce60710013d.jpg, sandstorm
fdd07cfd-2ecc-4052-ab96-2bfe7f2f09dd.jpg, frost
fdd2afee-1e17-4310-bea0-236126087d2b.jpg, frost
ffc1ba70-a850-4134-8b81-567dc3c008ad.jpg, rime
ffd404cc-1952-4b33-bff5-c2b5c3b48078.jpg, rime
ffeac73f-f969-4da8-9866-d5d3b3c95fc0.jpg, rain
